{
  "desc": "",
  "name": "剧本名称",
  "scriptType": "real",
  "props": {
    "script": [
      {
        "desc": "步骤描述",
        "name": "步骤名称",
        "scriptType": "real",
        "props": {
          "canvas": {
            "url": "//fusion.alibaba-inc.com/deep/biz/2021?themeid=97",
            "mask": true,
            "triggerList": [],
            "snapshot": {}
          },
          "formation": [],
          "interactive": []
        }
      },
      {
        "desc": "步骤描述",
        "name": "步骤2",
        "scriptType": "real",
        "props": {
          "canvas": {
            "url": "",
            "mask": true,
            "triggerList": [],
            "snapshot": {}
          },
          "formation": [
            {
              "name": "card",
              "_id": "material_5586fd0c",
              "props": {
                "style": {
                  "width": 200,
                  "height": 200
                },
                "location": {
                  "type": "absolute",
                  "top": 200,
                  "right": null,
                  "bottom": null,
                  "left": 100,
                  "element": null,
                  "placement": "none",
                  "arrowType": "none",
                  "arrowColor": "#facc14"
                },
                "content": {
                  "title": "标题",
                  "image": "",
                  "info": "内容"
                },
                "advanced": {
                  "btns": [
                    {
                      "title": "上一步",
                      "type": "default",
                      "_id": "child_e16db288"
                    },
                    {
                      "title": "下一步",
                      "type": "default",
                      "_id": "child_f1b42d1b"
                    }
                  ]
                }
              }
            }
          ],
          "interactive": []
        }
      }
    ]
  }
}