{
    "desc": "轮播",
    "guideId": 120,
    "id": "117",
    "isOnlyOneAction": true,
    "name": "轮播图1",
    "okText": "1按",
    "url": "/preview",
    "guideStatus": "autoplay",
    "guideType": "dialog",
    "showGuide": true,
    "width": 600,
    "noPadding": false,
    "content": {
        "type": "SLIDE",
        "slideProps": {
            "content": [
                {
                    "url": "https://img.alicdn.com/tps/TB1bewbNVXXXXc5XXXXXXXXXXXX-1000-300.png",
                    "text": "Tape Player Skin Design Competition"
                },
                {
                    "url": "https://img.alicdn.com/tps/TB1xuUcNVXXXXcRXXXXXXXXXXXX-1000-300.jpg",
                    "text": "Mobile Phone Taobao Skin Call"
                },
                {
                    "url": "https://img.alicdn.com/tps/TB1ikP.NVXXXXaYXpXXXXXXXXXX-1000-300.jpg",
                    "text": "Design Enabling Public Welfare"
                },
                {
                    "url": "https://img.alicdn.com/tps/TB1s1_JNVXXXXbhaXXXXXXXXXXX-1000-300.jpg",
                    "text": "Amoy Doll Design Competition"
                }
            ]
        }
    },
    "showTitle": true,
    "title": "标题"
}