{
  "id": "120",
  "guideStatus": "manual",
  "name": "剧本名称",
  "desc": "123",
  "_id": "24a60e04-8640-4564-8bb0-b4b1f52fa896",
  "scriptType": "real",
  "props": {
    "script": [
      {
        "name": "步骤名称",
        "desc": "123",
        "scriptType": "sandbox",
        "_id": "d68560c3-bca3-46e5-92ad-ea96eb3c222f",
        "props": {
          "canvas": {
            "mask": false,
            "matchRule": "none"
          },
          "formation": [
            {
              "name": "test",
              "props": {
                "content": {
                  "title": "我是引导标题",
                  "info": "我是引导提示"
                },
                "location": {
                  "align": "b",
                  "element": "selector|[id='open']|content|打开|position|size^K|16|1E|W^^$0|1|2|3|4|@6|7]|5|@8|9]]"
                }
              }
            }
          ]
        }
      }
    ]
  }
}